name,uuid,path,date,jurisdiction,category,subtext
Subsecretaría de Participación y Democratización Educativa,e1f3e8c2-c0d4-5f10-9ebb-02a0c0c6dc31,Presidencia de la Nación<br>Ministerio de Educación<br>Secretaría de Cooperación Educativa y Acciones Prioritarias<br>Subsecretaría de Participación y Democratización Educativa,2023_12_09,Ministerio de Educación,trabajo y empleo,democratizacion educacion promocion justicia educativo programa intersectorial accion especial participacion organizacion sociedad civil plataforma ciudadana <br><b>sindicato</b><br> empresa movimiento colectivo social derecho educacion justicia educativo conjuntamente area competente jurisdiccion accion apoyo financiero
Secretaría de Estrategia y Asuntos Militares,9b08789e-f149-5d80-b8de-4cc565b31de6,Presidencia de la Nación<br>Ministerio de Defensa<br>Secretaría de Estrategia y Asuntos Militares,2023_12_09,Ministerio de Defensa,defensa nacional,estrategia asunto <br><b>militar</b><br> responsabilidad primario elaboracion politica defensa nacional orientacion direccion concepto estrategico retenido directiva estrategico nacional seguimiento
Ministerio de Defensa,10b7407c-fe71-5027-bb69-f5a2e1e97bbf,Presidencia de la Nación<br>Ministerio de Defensa,2023_12_09,Ministerio de Defensa,trabajo y empleo,actividad antartico planeamiento militar conjunto determinacion requerimiento proveniente fiscalizacion cumplimiento formulacion aplicacion principio norma funcionamiento <br><b>empleo</b><br> fuerza armado registro habilitacion fiscalizacion direccion tecnico acto actividad vinculado navegacion agua aire jurisdiccion coordinacion
Ministerio de Defensa,10b7407c-fe71-5027-bb69-f5a2e1e97bbf,Presidencia de la Nación<br>Ministerio de Defensa,2023_12_09,Ministerio de Defensa,defensa nacional,credito correspondiente coordinacion actividad logistica fuerza armado relativo abastecimiento normalizacion catalogacion clasificacion efecto emergent planeamiento <br><b>militar</b><br> conjunto planificacion direccion ejecucion actividad investigacion desarrollo inter defensa nacional formulacion politica movilizacion plan movilizacion
Subsecretaría de Políticas de Igualdad,51ae7540-9808-5f94-a588-9e69e290b353,"Presidencia de la Nación<br>Ministerio de las Mujeres, Géneros y Diversidad<br>Secretaría de Políticas de Igualdad y Diversidad<br>Subsecretaría de Políticas de Igualdad",2023_12_09,"Ministerio de las Mujeres, Géneros y Diversidad",género y diversidad sexual,genero universalizacion cuidado persona situacion dependencia reconocimiento visibilizacion promocion valoracion social economico cuidado accion educacion <br><b>sexual</b><br> integral marco competencia ministerio politica salud sexual ambito competencia politica reduccion brecha genero ambito ambito
Subsecretaría de Políticas de Igualdad,51ae7540-9808-5f94-a588-9e69e290b353,"Presidencia de la Nación<br>Ministerio de las Mujeres, Géneros y Diversidad<br>Secretaría de Políticas de Igualdad y Diversidad<br>Subsecretaría de Políticas de Igualdad",2023_12_09,"Ministerio de las Mujeres, Géneros y Diversidad",hábitat y vivienda,accion tendient reduccion brecha genero inclusion perspectiva genero ambito administracion justicia marco competencia ministerio politica <br><b>habitat</b><br> desarrollo sostenible perspectiva genero ambito rural urbano ambito competencia
Ministerio de Cultura,2e7dd99a-e191-5dd3-89c3-d45a4478d3f6,Presidencia de la Nación<br>Ministerio de Cultura,2023_12_09,Ministerio de Cultura,trabajo y empleo,politica incentivo desarrollo cultural creativo nacional produccion intercambio conocimiento cientifico tema relacionado industria cultural generacion <br><b>empleo</b><br> sectorial servicio vinculado
Secretaría de Gestión y Empleo Público,8543c7aa-c189-5221-8718-5a75e7ac59dd,Presidencia de la Nación<br>Jefatura de Gabinete de Ministros<br>Secretaría de Gestión y Empleo Público,2023_12_09,Jefatura de Gabinete de Ministros,trabajo y empleo,gestion <br><b>empleo</b><br> publico responsabilidad primario jefe jefa gabinete ministro implementacion politica relativo mejora estrategico recurso humano capacitacion
Secretaría de Economía del Conocimiento,07f8f528-4207-5f8e-94a7-9f3d0f57b12d,Presidencia de la Nación<br>Ministerio de Economía<br>Secretaría de Economía del Conocimiento,2023_12_09,Ministerio de Economía,trabajo y empleo,comercial tecnologico desarrollo empresa basado conocimiento generacion expansion empresa alto contenido tecnologico estrategia innovacion abierto <br><b>empleo</b><br> calidad desarrollo producto servicio valor agregado diferencial perfil exportador economia nacional desarrollo infraestructura recurso humano
Subsecretaría de Fortalecimiento Productivo y Sustentable para Pequeños y Medianos Productores Agroalimentarios,7ae14cad-0d7b-518e-afba-fd7bfafd5868,"Presidencia de la Nación<br>Ministerio de Economía<br>Secretaría de Agricultura, Ganadería y Pesca<br>Subsecretaría de Fortalecimiento Productivo y Sustentable para Pequeños y Medianos Productores Agroalimentarios",2023_12_09,Ministerio de Economía,género y diversidad sexual,administracion publico nacional competencia materia creacion administracion registro pequeno mediano productor actividad capacidad productivo joven <br><b>mujer</b><br> sector agroalimentario desarrollo territorial equitativo sustentable
Subsecretaría de Fortalecimiento Productivo y Sustentable para Pequeños y Medianos Productores Agroalimentarios,7ae14cad-0d7b-518e-afba-fd7bfafd5868,"Presidencia de la Nación<br>Ministerio de Economía<br>Secretaría de Agricultura, Ganadería y Pesca<br>Subsecretaría de Fortalecimiento Productivo y Sustentable para Pequeños y Medianos Productores Agroalimentarios",2023_12_09,Ministerio de Economía,medio ambiente,fortalecimiento productivo <br><b>sustentable</b><br> pequeno mediano productor agroalimentario responsabilidad primario secretaria propuesta diseno ejecucion plan programa fortalecimiento productivo integral
Secretaría de Infraestructura y Política Hídrica,b235917c-8fb5-5364-a9e1-a11e153437e3,Presidencia de la Nación<br>Ministerio de Obras Públicas<br>Secretaría de Infraestructura y Política Hídrica,2023_12_09,Ministerio de Obras Públicas,medio ambiente,general representacion tecnico gestion obtencion cooperacion tecnico financiero internacional marco competencia actividad agenda nacional internacional <br><b>cambio</b><br> <br><b>climatico</b><br> agua planificacion programacion evaluacion ejecucion proyecto mitigacion inundacion zona rural periurbana avenamiento proteccion infraestructura zona
Subsecretaría de Políticas de Inclusión en el Mundo Laboral,4fa3eea2-24cf-5082-b0f1-cbaa4e92364e,"Presidencia de la Nación<br>Ministerio de Trabajo, Empleo y Seguridad Social<br>Secretaría de Trabajo<br>Subsecretaría de Políticas de Inclusión en el Mundo Laboral",2023_12_09,"Ministerio de Trabajo, Empleo y Seguridad Social",trabajo y empleo,primario promocion regulacion ambito laboral cumplimiento igualdad oportunidad trato varon mujer diversidad sexual genero acceso <br><b>empleo</b><br> trabajo proteccion maternidad eliminacion trabajo forzoso violencia laboral trabajo infantil politica publico orientado proteccion derecho
Subsecretaría de Políticas de Inclusión en el Mundo Laboral,4fa3eea2-24cf-5082-b0f1-cbaa4e92364e,"Presidencia de la Nación<br>Ministerio de Trabajo, Empleo y Seguridad Social<br>Secretaría de Trabajo<br>Subsecretaría de Políticas de Inclusión en el Mundo Laboral",2023_12_09,"Ministerio de Trabajo, Empleo y Seguridad Social",género y diversidad sexual,politica inclusion mundo laboral responsabilidad primario promocion regulacion ambito laboral cumplimiento igualdad oportunidad trato varon <br><b>mujer</b><br> diversidad sexual genero acceso empleo trabajo proteccion maternidad eliminacion trabajo forzoso violencia laboral trabajo infantil
Subsecretaría de Empleo Público,8ac3e65f-4482-593c-bc30-4a5ff7e44925,Presidencia de la Nación<br>Jefatura de Gabinete de Ministros<br>Secretaría de Gestión y Empleo Público<br>Subsecretaría de Empleo Público,2023_12_09,Jefatura de Gabinete de Ministros,trabajo y empleo,<br><b>empleo</b><br> publico objetivo secretaria planificacion formulacion politica nacional materia recurso humano gestion politica salarial realizacion programa
Secretaría de Articulación Federal de la Seguridad,818dd2db-7404-5609-a1b9-0ae0ab66f6cd,Presidencia de la Nación<br>Ministerio de Seguridad<br>Secretaría de Articulación Federal de la Seguridad,2023_12_09,Ministerio de Seguridad,trabajo y empleo,nacional gestion integral riesgo proteccion civil formulacion propuesta plan nacional reduccion riesgo proteccion civil administracion <br><b>empleo</b><br> fondo nacional emergencia fonae fondo nacional gestion integral riesgo concerniente nacional aplicacion modificatoria complementario actividad
Secretaría de Articulación Federal de la Seguridad,818dd2db-7404-5609-a1b9-0ae0ab66f6cd,Presidencia de la Nación<br>Ministerio de Seguridad<br>Secretaría de Articulación Federal de la Seguridad,2023_12_09,Ministerio de Seguridad,seguridad interior,sistema nacional gestion integral riesgo proteccion civil creado secretaria seguridad politica criminal politica formulado consejo <br><b>seguridad</b><br> <br><b>interior</b><br> relacion cuestion interjurisdiccional gobierno provincial ciudad autonomo aires politica marco programa federal seguridad cargo ministra
Secretaría de Calidad en Salud,5206a048-bd5d-5dc5-ab09-e0cfaf96b19d,Presidencia de la Nación<br>Ministerio de Salud<br>Secretaría de Calidad en Salud,2023_12_09,Ministerio de Salud,trabajo y empleo,competencia planificacion articulacion accion formacion acreditacion enfermeria personal sanitario especializacion funcionamiento consejo federal planificacion desarrollo <br><b>trabajador</b><br> trabajadora salud control tutelar instituto nacional central unico coordinador ablacion implante planificacion coordinacion respuesta emergencia
Subsecretaría de Planeamiento Energético,0a6ee920-3855-5c8b-8d9d-8ad6af4c41fb,Presidencia de la Nación<br>Ministerio de Economía<br>Secretaría de Energía<br>Subsecretaría de Planeamiento Energético,2023_12_09,Ministerio de Economía,medio ambiente,energetico area centralizado descentralizada orbita secretaria energia secretaria fomento tecnologia aprovechamiento fuente energia renovable preservacion <br><b>ambiente</b><br> evaluacion recurso natural disponible aprovechamiento energetico investigacion programa proyecto tecnologico desarrollo fuente renovable eficiente recurso
Subsecretaría de Programación Federal y Articulación Legislativa,ca75aecf-0466-56eb-af5b-1b42b399cf5b,Presidencia de la Nación<br>Ministerio de Seguridad<br>Secretaría de Articulación Federal de la Seguridad<br>Subsecretaría de Programación Federal y Articulación Legislativa,2023_12_09,Ministerio de Seguridad,seguridad interior,programacion federal articulacion legislativo objetivo programa federal seguridad consecuente provision equipamiento disminucion <br><b>delito</b><br> secretaria desarrollo implementacion politica conjunto fuerza policial seguridad federal provincial ciudad autonomo aires innovacion estandar
Subsecretaría Interjurisdiccional e Interinstitucional,321e2bd8-c5a6-5803-ab76-2bdc036aa761,Presidencia de la Nación<br>Ministerio de Ambiente y Desarrollo Sostenible<br>Subsecretaría Interjurisdiccional e Interinstitucional,2023_12_09,Ministerio de Ambiente y Desarrollo Sostenible,medio ambiente,interjurisdiccional interinstitucional ministerio <br><b>ambiente</b><br> desarrollo sostenible subsecretaria interjurisdiccional interinstitucional objetivo ministroa ambiente desarrollo sostenible formulacion ejecucion implementacion politica ambiental
Secretaría de Desarrollo Territorial,3c794a93-e693-5860-816d-a47d59957ed2,Presidencia de la Nación<br>Ministerio de Desarrollo Territorial y Hábitat<br>Secretaría de Desarrollo Territorial,2023_12_09,Ministerio de Desarrollo Territorial y Hábitat,hábitat y vivienda,territorial formulacion cuerpo normativo instrumento mecanismo cooperacion articulacion distinto jurisdiccion organizacion abordaje territorial equilibrado desarrollo <br><b>urbano</b><br> politica territorial inclusion distinto area administracion publico nacional materia especifico programa especifico organismo nacional provincial
Subsecretaría de Políticas de Diversidad,fc422c55-92d5-55de-970e-091ed74beef3,"Presidencia de la Nación<br>Ministerio de las Mujeres, Géneros y Diversidad<br>Secretaría de Políticas de Igualdad y Diversidad<br>Subsecretaría de Políticas de Diversidad",2023_12_09,"Ministerio de las Mujeres, Géneros y Diversidad",trabajo y empleo,institucional poblacion lesbianos bisexual travesti transexual transgenero identidad lgbttt laboral ambito competencia accion orientado promocion <br><b>empleo</b><br> poblacion lesbianos bisexual travesti transexual transgenero identidad lgbttt laboral ambito competencia
Subsecretaría de Ciberdefensa,32764638-9cf8-5806-9e41-437b55483cc3,Presidencia de la Nación<br>Ministerio de Defensa<br>Secretaría de Estrategia y Asuntos Militares<br>Subsecretaría de Ciberdefensa,2023_12_09,Ministerio de Defensa,defensa nacional,planeamiento diseno elaboracion politica ciberdefensa establecido ciclo planeamiento defensa nacional coordinacion subsecretaria planeamiento estrategico politico <br><b>militar</b><br> diseno politica ciberdefensa seguridad informacion ministerio defensa jurisdiccion aspecto regulatorio sistema ciberdefensa jurisdiccion infraestructura critica
Secretaría de Empleo,0d2e7050-9513-53ad-b5a0-935749acb6bd,"Presidencia de la Nación<br>Ministerio de Trabajo, Empleo y Seguridad Social<br>Secretaría de Empleo",2023_12_09,"Ministerio de Trabajo, Empleo y Seguridad Social",trabajo y empleo,empleador empleabilidad desocupado destinatario plan social diseno implementacion administracion registro nacional norma competencia evaluador competencia <br><b>trabajador</b><br> certificacion competencia trabajador sistema gestion informacion ministerio control seguimiento rendicion transferencia programa empleo competencia secretaria
Subsecretaría de Planificación y Gestión Operativa de Proyectos Hídricos,be1e4cde-07d1-5b9d-a412-ade6cede5b87,Presidencia de la Nación<br>Ministerio de Obras Públicas<br>Secretaría de Infraestructura y Política Hídrica<br>Subsecretaría de Planificación y Gestión Operativa de Proyectos Hídricos,2023_12_09,Ministerio de Obras Públicas,medio ambiente,preservacion aprovechamiento coordinacion organismo competente materia jurisdiccion involucrado confeccion planeamiento estrategico gestion recurso hidrico desarrollo <br><b>sustentable</b><br> forma coordinado recurso natural formulacion ejecucion plan programa orientado aprovechamiento conservacion proteccion recurso hidrico evaluacion
Subsecretaría de Política de Suelo y Desarrollos Habitacionales,486e03f6-d902-5aba-b0b0-d40a783e4073,Presidencia de la Nación<br>Ministerio de Desarrollo Territorial y Hábitat<br>Secretaría de Desarrollo Territorial<br>Subsecretaría de Política de Suelo y Desarrollos Habitacionales,2023_12_09,Ministerio de Desarrollo Territorial y Hábitat,hábitat y vivienda,ordenamiento desarrollo territorial marco competencia registro dominial objetivo condicion juridico tierra urbano periurbana apto programa <br><b>vivienda</b><br> informacion implementacion politica estrategia ordenamiento desarrollo territorial coordinacion subsecretaria gestion articulacion programa popular gobierno local
Subsecretaría de la Pequeña y Mediana Empresa,6d01ccac-f92b-5293-a096-2d1a9e7e810f,Presidencia de la Nación<br>Ministerio de Economía<br>Secretaría de Industria y Desarrollo Productivo<br>Subsecretaría de la Pequeña y Mediana Empresa,2023_12_09,Ministerio de Economía,trabajo y empleo,nivel sectorial regional fortalecimiento reestructuracion reingenieria micro pequeno mediano empresa mipym productividad incorporacion conocimiento digitalizacion <br><b>empleo</b><br> genuino agregacion valor desarrollo local formalizacion internacionalizacion competitividad necesidad financiero capacitacion asistencia tecnico emprendedor emprendimiento
Subsecretaría de Estrategias Sanitarias,cf8dff3d-bc92-59d4-a2d1-25b4e9e05938,Presidencia de la Nación<br>Ministerio de Salud<br>Secretaría de Acceso a la Salud<br>Subsecretaría de Estrategias Sanitarias,2023_12_09,Ministerio de Salud,género y diversidad sexual,seguimiento monitoreo marco competencia estrategia politica materia salud materno infantil adolescente adulto persona mayor salud <br><b>sexual</b><br> procreacion responsable reproduccion medicamente asistido embarazo intencional adolescente respuesta integrado infeccion transmision sexual diseno estrategia
Subsecretaría de Políticas de Integración y Formación,bd2c9d17-14dc-5543-b0be-33ae264d0060,Presidencia de la Nación<br>Ministerio de Desarrollo Social<br>Secretaría de Economía Social<br>Subsecretaría de Políticas de Integración y Formación,2023_12_09,Ministerio de Desarrollo Social,trabajo y empleo,auto sustento recuperacion capacidad mejora calidad vida persona diseno implementacion estrategia politica social orientado insercion <br><b>laboral</b><br> calificado persona instrumento construccion ciudadania coordinacion area competente nacional vinculo institucional necesario organismo nacional provincial
Subsecretaría de Gestión del Riesgo y Protección Civil,eba43bc3-7c6f-5ce4-979e-9b70f31700a6,Presidencia de la Nación<br>Ministerio de Seguridad<br>Secretaría de Articulación Federal de la Seguridad<br>Subsecretaría de Gestión del Riesgo y Protección Civil,2023_12_09,Ministerio de Seguridad,trabajo y empleo,riesgo proteccion civil responsabilidad primario secretaria implementacion accion tendient vida bien habitat poblacion desastre socionatural <br><b>empleo</b><br> recurso humano material nacional etapa mitigacion respuesta reconstruccion formulacion politica gestion integral riesgo proteccion civil
Subsecretaría de Gestión del Riesgo y Protección Civil,eba43bc3-7c6f-5ce4-979e-9b70f31700a6,Presidencia de la Nación<br>Ministerio de Seguridad<br>Secretaría de Articulación Federal de la Seguridad<br>Subsecretaría de Gestión del Riesgo y Protección Civil,2023_12_09,Ministerio de Seguridad,hábitat y vivienda,gestion riesgo proteccion civil responsabilidad primario secretaria implementacion accion tendient vida bien <br><b>habitat</b><br> poblacion desastre socionatural empleo recurso humano material nacional etapa mitigacion respuesta reconstruccion formulacion politica gestion
Subsecretaría de Gestión del Riesgo y Protección Civil,eba43bc3-7c6f-5ce4-979e-9b70f31700a6,Presidencia de la Nación<br>Ministerio de Seguridad<br>Secretaría de Articulación Federal de la Seguridad<br>Subsecretaría de Gestión del Riesgo y Protección Civil,2023_12_09,Ministerio de Seguridad,medio ambiente,ciudad autonomo aires sociedad civil desarrollo politica capacitacion planificacion actividad referido proteccion civil vida bien <br><b>ambiente</b><br> ambito competencia accion tendient situacion extraordinario emergencia territorio republica argentino organizacion conduccion centro nacional informacion
Subsecretaría de Planeamiento Estratégico y Política Militar,8f9e2ba8-68de-58a0-8725-724611c795c6,Presidencia de la Nación<br>Ministerio de Defensa<br>Secretaría de Estrategia y Asuntos Militares<br>Subsecretaría de Planeamiento Estratégico y Política Militar,2023_12_09,Ministerio de Defensa,defensa nacional,planeamiento estrategico politica <br><b>militar</b><br> secretario estrategia asunto militar subsecretario planeamiento estrategico politico militar objetivo secretaria determinacion politica defensa nacional
Subsecretaría de Desarrollo Emprendedor,46147d38-eb1c-5680-85de-3127c000c38c,Presidencia de la Nación<br>Ministerio de Economía<br>Secretaría de Industria y Desarrollo Productivo<br>Subsecretaría de Desarrollo Emprendedor,2023_12_09,Ministerio de Economía,trabajo y empleo,publicaprivado instrumento generacion capital emprendedor republica argentino programa iniciativa competitivo innovadora sustentabl tiempo generadora valor <br><b>empleo</b><br> tendient creacion desarrollo consolidacion emprendedor micro pequeno mediano empresa mipymes creacion desarrollo inversor inversora proximidad
Subsecretaría de Formación Profesional y Capacitación Permanente,f7f4af8e-96d4-5577-a27c-bcc90065b716,"Presidencia de la Nación<br>Ministerio de Trabajo, Empleo y Seguridad Social<br>Secretaría de Empleo<br>Subsecretaría de Formación Profesional y Capacitación Permanente",2023_12_09,"Ministerio de Trabajo, Empleo y Seguridad Social",trabajo y empleo,demanda calificacion empleador empleabilidad desocupado subocupado destinatario programa social registro nacional norma competencia evaluador competencia <br><b>trabajador</b><br> certificacion competencia criterio participacion federal region provincia municipio criterio tripartito accion formacion profesional capacitacion permanente
Subsecretaría de Formación Profesional y Capacitación Permanente,f7f4af8e-96d4-5577-a27c-bcc90065b716,"Presidencia de la Nación<br>Ministerio de Trabajo, Empleo y Seguridad Social<br>Secretaría de Empleo<br>Subsecretaría de Formación Profesional y Capacitación Permanente",2023_12_09,"Ministerio de Trabajo, Empleo y Seguridad Social",hábitat y vivienda,calidad evaluacion impacto accion formacion profesional capacitacion permanente observatorio demanda empleo correspondiente criterio regional provincial <br><b>urbano</b><br> rural estacional transitorio permanente area ministerio seguimiento modificacion regional acuerdo comercial nacional mercosur avance tecnologico
"Unidad Ejecutora Especial Temporaria 'Argentina Productiva 2030. Plan de Desarrollo Productivo, Industrial y Tecnológico de Argentina'",57be40b3-9d62-5d3b-88e4-cdd6bcdaf7c0,"Presidencia de la Nación<br>Ministerio de Economía<br>Secretaría de Industria y Desarrollo Productivo<br>Unidad Ejecutora Especial Temporaria 'Argentina Productiva 2030. Plan de Desarrollo Productivo, Industrial y Tecnológico de Argentina'",2023_12_09,Ministerio de Economía,trabajo y empleo,desarrollo productivo industrial tecnologico argentina reunion trabajo participativo formulacion plan vision opinion propuesta sector empresarial <br><b>trabajador</b><br> gobierno provincial municipal ciudad autonomo aires institucion ciencia tecnologia actor sociedad civil vinculado tematica plan
Subsecretaría de Política Exterior,7bf4e335-1448-54cd-b8ce-a0bec589859c,"Presidencia de la Nación<br>Ministerio de Relaciones Exteriores, Comercio Internacional y Culto<br>Secretaría de Relaciones Exteriores<br>Subsecretaría de Política Exterior",2023_12_09,"Ministerio de Relaciones Exteriores, Comercio Internacional y Culto",género y diversidad sexual,politica plan programa representacion nacional organismo internacional materia derechos humanos asuntos genero relativo condicion situacion <br><b>mujer</b><br> ambito politica exterior formulacion legislacion nacional dicho materia formulacion politica curso asunto relativo preservacion proteccion
Subsecretaría de Política Exterior,7bf4e335-1448-54cd-b8ce-a0bec589859c,"Presidencia de la Nación<br>Ministerio de Relaciones Exteriores, Comercio Internacional y Culto<br>Secretaría de Relaciones Exteriores<br>Subsecretaría de Política Exterior",2023_12_09,"Ministerio de Relaciones Exteriores, Comercio Internacional y Culto",medio ambiente,exterior formulacion legislacion nacional dicho materia formulacion politica curso asunto relativo preservacion proteccion recurso natural <br><b>ambiente</b><br> preservacion recurso territorio terrestre maritimo argentino area adyacente espacio aereo ambito competencia formulacion politica curso
Subsecretaría de Política Exterior,7bf4e335-1448-54cd-b8ce-a0bec589859c,"Presidencia de la Nación<br>Ministerio de Relaciones Exteriores, Comercio Internacional y Culto<br>Secretaría de Relaciones Exteriores<br>Subsecretaría de Política Exterior",2023_12_09,"Ministerio de Relaciones Exteriores, Comercio Internacional y Culto",seguridad interior,politica curso asunto relativo seguridad internacional nuclear espacial asunto relativo seguridad humano lucha indebido droga <br><b>narcotrafico</b><br> politico desarme terrorismo internacional desarrollo innovacion tecnologico ambito competencia programacion objetivo planificacion actividad reunion congreso
Secretaría de Política Económica,7ab9b503-a797-5f12-a4e1-e2791b611ee7,Presidencia de la Nación<br>Ministerio de Economía<br>Secretaría de Política Económica,2023_12_09,Ministerio de Economía,trabajo y empleo,local cambio contexto internacional coordinacion area jurisdiccion competencia materia realizacion diagnostico seguimiento nivel vida pobreza <br><b>empleo</b><br> distribucion ingreso poblacion elaboracion propuesta seguimiento estrategia politica tendient crecimiento economico inclusion social perspectiva genero
Secretaría de Política Económica,7ab9b503-a797-5f12-a4e1-e2791b611ee7,Presidencia de la Nación<br>Ministerio de Economía<br>Secretaría de Política Económica,2023_12_09,Ministerio de Economía,política social,economia local cambio contexto internacional coordinacion area jurisdiccion competencia materia realizacion diagnostico seguimiento nivel vida <br><b>pobreza</b><br> empleo distribucion ingreso poblacion elaboracion propuesta seguimiento estrategia politica tendient crecimiento economico inclusion social perspectiva
Secretaría de Políticas Universitarias,e8b8afd6-6543-52ef-843f-fc68d611b83c,Presidencia de la Nación<br>Ministerio de Educación<br>Secretaría de Políticas Universitarias,2023_12_09,Ministerio de Educación,trabajo y empleo,directo indirectamente politica estrategia articulacion regional institucion educacion universitario comunidad estrategia mejoramiento institucion universitario asignacion <br><b>empleo</b><br> recurso economicosfinanciero elaboracion contenido formacion tecnico profesional criterio implementacion sistema nacional acreditacion saber educacion superior
Secretaría de Política Ambiental en Recursos Naturales,3cc72ddb-bbf5-5f88-b368-e9fecb081090,Presidencia de la Nación<br>Ministerio de Ambiente y Desarrollo Sostenible<br>Secretaría de Política Ambiental en Recursos Naturales,2023_12_09,Ministerio de Ambiente y Desarrollo Sostenible,medio ambiente,politica ambiental recurso natural responsabilidad primario ministra <br><b>ambiente</b><br> desarrollo sostenible implementacion politica ambiental politica aspecto tecnico relativo politica ambiental gestion ambiental nacion politica
Subsecretaría de Programación Macroeconómica,7dc370db-a96f-5991-b059-12ca55ec5688,Presidencia de la Nación<br>Ministerio de Economía<br>Secretaría de Política Económica<br>Subsecretaría de Programación Macroeconómica,2023_12_09,Ministerio de Economía,trabajo y empleo,pauta programacion fiscal mediano plazo basado experiencia internacional acuerdo coordinacion politica macroeconomico seguimiento diagnostico nivel <br><b>empleo</b><br> pobreza indigencia distribucion ingreso accion mejoramiento secretaria coordinacion diseno estrategia politica tendient crecimiento economico inclusion
Subsecretaría de Programación Macroeconómica,7dc370db-a96f-5991-b059-12ca55ec5688,Presidencia de la Nación<br>Ministerio de Economía<br>Secretaría de Política Económica<br>Subsecretaría de Programación Macroeconómica,2023_12_09,Ministerio de Economía,política social,programacion fiscal mediano plazo basado experiencia internacional acuerdo coordinacion politica macroeconomico seguimiento diagnostico nivel empleo <br><b>pobreza</b><br> indigencia distribucion ingreso accion mejoramiento secretaria coordinacion diseno estrategia politica tendient crecimiento economico inclusion social
Ministerio de Justicia y Derechos Humanos,12b4f637-dee7-5d0b-8535-d0fc8e5eb6fc,Presidencia de la Nación<br>Ministerio de Justicia y Derechos Humanos,2023_12_09,Ministerio de Justicia y Derechos Humanos,seguridad interior,legislacion general adecuacion codigos coordinacion ministerio seguridad determinacion politica criminal elaboracion plan programa aplicacion prevencion <br><b>delito</b><br> organizacion funcionamiento supervision establecimiento penal servicio asistencial mejora necesario readaptacion condenado adecuado tratamiento procesado efectivo
Secretaría de Seguridad y Política Criminal,f5cdfc07-3092-5a9e-bdbf-0aace5a48bfd,Presidencia de la Nación<br>Ministerio de Seguridad<br>Secretaría de Seguridad y Política Criminal,2023_12_09,Ministerio de Seguridad,seguridad interior,ministra concerniente seguridad interior sistema policial seguridad federal objeto politica investigacion criminal medida prevencion conjuracion <br><b>delito</b><br> complejo narcotrafico persona lavado activo delito indole federal tendient reduccion comision delito violencia accion cooperacion
Subsecretaría de Promoción del Empleo,133185e6-f0cd-519e-8caa-90b0e5b2bed3,"Presidencia de la Nación<br>Ministerio de Trabajo, Empleo y Seguridad Social<br>Secretaría de Empleo<br>Subsecretaría de Promoción del Empleo",2023_12_09,"Ministerio de Trabajo, Empleo y Seguridad Social",trabajo y empleo,tema respectivo distinto jurisdiccion ministerial organizacion sociedad civil accion tendient fortalecimiento economia social mejoramiento ingreso <br><b>trabajador</b><br> desocupado situacion vulnerabilidad accion difusion asistencia tecnico tematica competencia ministerio trabajo empleo seguridad social institucion
"Subsecretaría de Formación, Investigación y Políticas Culturales para la Igualdad",ac6acd55-9811-5500-bf3d-2a306deae028,"Presidencia de la Nación<br>Ministerio de las Mujeres, Géneros y Diversidad<br>Subsecretaría de Formación, Investigación y Políticas Culturales para la Igualdad",2023_12_09,"Ministerio de las Mujeres, Géneros y Diversidad",trabajo y empleo,accion organismo competente materia investigacion orientado insercion mujer diversidad ambito economico produccion promocion requerimiento capacitacion <br><b>laboral</b><br> vinculacion institucion publico privado tematica relativo empoderamiento mujer diversidad informacion estudio investigacion materia campana visibilizacion
"Subsecretaría de Formación, Investigación y Políticas Culturales para la Igualdad",ac6acd55-9811-5500-bf3d-2a306deae028,"Presidencia de la Nación<br>Ministerio de las Mujeres, Géneros y Diversidad<br>Subsecretaría de Formación, Investigación y Políticas Culturales para la Igualdad",2023_12_09,"Ministerio de las Mujeres, Géneros y Diversidad",género y diversidad sexual,objetivo ministra diseno politica formacion capacitacion investigacion politica cultural igualdad actividad capacitacion tematica genero violencia <br><b>mujer</b><br> agente servicio administracion publico nacional poder nacional investigacion estudio genero igualdad diversidad desarrollo politica accion
Secretaría de Políticas Integrales sobre Drogas de la Nación Argentina,f79ac67b-2fcf-5802-b084-965202c79a49,Presidencia de la Nación<br>Jefatura de Gabinete de Ministros<br>Secretaría de Políticas Integrales sobre Drogas de la Nación Argentina,2023_12_09,Jefatura de Gabinete de Ministros,seguridad interior,estupefaciente sustancia psicoactiva asistencia tecnico analisis elaboracion proyecto legislativo asistencia tecnico diseno capacitacion recurso humano <br><b>fuerza</b><br> <br><b>seguridad</b><br> institucion nacional prevencion atencion cuidado materia consumo problematico estupefaciente sustancia psicoactiva gobierno nacional reunion organismo
Subsecretaría de Infraestructura Deportiva y Competencias Nacionales,b4d2f639-b9e3-5036-b298-1ae8d7834e8c,Presidencia de la Nación<br>Ministerio de Turismo y Deportes<br>Secretaría de Deportes<br>Subsecretaría de Infraestructura Deportiva y Competencias Nacionales,2023_12_09,Ministerio de Turismo y Deportes,medio ambiente,equipo nacional representativo republica argentino juego sudamericano escolar coordinacion ministerio educacion cumplimiento normativa higiene seguridad <br><b>ambiente</b><br> centro nacional alto rendimiento deportivo cenard centro recreativo nacional ceren pista nacional remo canotaje predio
Subsecretaría de Articulación Territorial,e8f26ec0-6cc4-5eaa-89e0-1709b0624999,"Presidencia de la Nación<br>Ministerio de Trabajo, Empleo y Seguridad Social<br>Subsecretaría de Articulación Territorial",2023_12_09,"Ministerio de Trabajo, Empleo y Seguridad Social",trabajo y empleo,afectado unidad organizacional distribuido territorio nacional ejecucion seguimiento supervision politica programa empleo capacitacion inclusion laboral <br><b>trabajador</b><br> unidad organizacional distribuido territorio nacional concerniente servicio empleo implementacion intermedio plan programa accion empleo capacitacion
Subsecretaría de Articulación Territorial,e8f26ec0-6cc4-5eaa-89e0-1709b0624999,"Presidencia de la Nación<br>Ministerio de Trabajo, Empleo y Seguridad Social<br>Subsecretaría de Articulación Territorial",2023_12_09,"Ministerio de Trabajo, Empleo y Seguridad Social",género y diversidad sexual,organizacional distribuido territorio nacional accion vinculado fiscalizacion erradicacion trabajo infantil promocion igualdad oportunidad trato varon <br><b>mujer</b><br> diversidad sexual genero ambito laboral
Secretaría de Integración Socio-Urbana,9c80c9e6-5b09-5bcf-a76d-a410e4a1dfc9,Presidencia de la Nación<br>Ministerio de Desarrollo Social<br>Secretaría de Integración Socio-Urbana,2023_12_09,Ministerio de Desarrollo Social,hábitat y vivienda,vinculacion desarrollo socio productivo comunidad abordada proyecto integracion socio urbano diseno implementacion politica acceso credito <br><b>vivienda</b><br> estrategia regularizacion dominial solucion habitacional comunidad abordada proyecto integracion socio urbano accion organismo nacional provincial
Subsecretaría de Fortalecimiento de Trayectorias Estudiantiles,10c81c23-7b04-5e95-bd1d-5efb0bcb51fb,Presidencia de la Nación<br>Ministerio de Educación<br>Secretaría de Políticas Universitarias<br>Subsecretaría de Fortalecimiento de Trayectorias Estudiantiles,2023_12_09,Ministerio de Educación,trabajo y empleo,estudio superior produccion informacion seguimiento trayectoria educativo universitario estrategia campo profesional academico cientifico desarrollo trayectoria <br><b>laboral</b><br> propuesta investigacion relativo trayectoria educativo estrategia movilidad estudiantil sistema educacion superior nivel nacional internacional coordinacion
"Secretaría de Cambio Climático, Desarrollo Sostenible e Innovación",be57eab3-403b-5f82-91fb-7a1ea1b2d865,"Presidencia de la Nación<br>Ministerio de Ambiente y Desarrollo Sostenible<br>Secretaría de Cambio Climático, Desarrollo Sostenible e Innovación",2023_12_09,Ministerio de Ambiente y Desarrollo Sostenible,trabajo y empleo,cambio climatico ciudad ecosistema vulnerable asistencia gobierno municipal consorcio municipio comun comision fomento cooperativo mutual <br><b>sindicato</b><br> organizacion gubernamental principalmente proyecto practica sostenible ambiente calidad vida persona inclusion social marco competencia convenio
"Secretaría de Cambio Climático, Desarrollo Sostenible e Innovación",be57eab3-403b-5f82-91fb-7a1ea1b2d865,"Presidencia de la Nación<br>Ministerio de Ambiente y Desarrollo Sostenible<br>Secretaría de Cambio Climático, Desarrollo Sostenible e Innovación",2023_12_09,Ministerio de Ambiente y Desarrollo Sostenible,medio ambiente,cumplimiento politica cambio climatico desarrollo sostenible politica innovacion ambiental conservacion recuperacion proteccion sostenible recurso natural <br><b>ambiente</b><br> patron produccion consumo sostenible sustentable innovacion incorporacion tecnologia ministra punto vista competencia desarrollo biotecnologia diseno
Secretaría de Coordinación Militar en Emergencias,f0629957-3ec8-5820-9f8b-ccaadc7cb587,Presidencia de la Nación<br>Ministerio de Defensa<br>Secretaría de Coordinación Militar en Emergencias,2023_12_09,Ministerio de Defensa,trabajo y empleo,coordinacion institucional despliegue fuerza armado tarea actividad accion prevencion respuesta inmediato emergencia desastre natural alistamiento <br><b>empleo</b><br> aprovechamiento eficiente medio recurso disponible ministerio defensa atencion situacion emergencia desastre natural coordinacion area competente
Secretaría de Coordinación Militar en Emergencias,f0629957-3ec8-5820-9f8b-ccaadc7cb587,Presidencia de la Nación<br>Ministerio de Defensa<br>Secretaría de Coordinación Militar en Emergencias,2023_12_09,Ministerio de Defensa,defensa nacional,coordinacion <br><b>militar</b><br> emergencia responsabilidad primario coordinacion institucional despliegue fuerza armado tarea actividad accion prevencion respuesta inmediato emergencia
Secretaría de Justicia,604c523a-9d84-523a-a974-5e04419c7e0d,Presidencia de la Nación<br>Ministerio de Justicia y Derechos Humanos<br>Secretaría de Justicia,2023_12_09,Ministerio de Justicia y Derechos Humanos,seguridad interior,criminal implementacion programa desarrollo protocolo actuacion tecnologia prestacion servicio justicia consejo federal politica criminal consejo <br><b>seguridad</b><br> <br><b>interior</b><br> estudio investigacion estadistica referente cuestion diseno sistema justicia modernizacion judicial politica criminal ministra asunto relativo
"Secretaría Nacional de Niñez, Adolescencia y Familia",c4dce418-fce5-5ec3-881f-003348e17560,"Presidencia de la Nación<br>Ministerio de Desarrollo Social<br>Secretaría Nacional de Niñez, Adolescencia y Familia",2023_12_09,Ministerio de Desarrollo Social,política social,nacional ninez adolescencia <br><b>familia</b><br> responsabilidad objetivo facultad previsto articulo orienta implemento supervisa plan programa caracter nacional federal ninez adolescencia
Subsecretaría de Gestión de Tierras y Servicios Barriales,1ed9826a-8abb-52e6-a31b-3eade0e04aa9,Presidencia de la Nación<br>Ministerio de Desarrollo Social<br>Secretaría de Integración Socio-Urbana<br>Subsecretaría de Gestión de Tierras y Servicios Barriales,2023_12_09,Ministerio de Desarrollo Social,hábitat y vivienda,rehabilitacion barrio informal forma coordinado provincia municipio ciudad autonomo aires mesa concertacion resolucion problema acceso <br><b>habitat</b><br> organismo nacional provincial municipal comunidad organizacion social sociedad civil involucrado tematica accion organismo competente provincia
Subsecretaría de Planeamiento y Coordinación Ejecutiva en Emergencias,58467c47-8b35-50e4-a499-e4d3515983ad,Presidencia de la Nación<br>Ministerio de Defensa<br>Secretaría de Coordinación Militar en Emergencias<br>Subsecretaría de Planeamiento y Coordinación Ejecutiva en Emergencias,2023_12_09,Ministerio de Defensa,trabajo y empleo,emergencia catastrofe estrategia necesario accion participacion situacion emergencia marco competencia plan capacitacion racionalizacion difusion optimizacion <br><b>empleo</b><br> recurso humano material disponible jurisdiccion situacion emergencia catastrofe secretaria coordinacion institucional despliegue fuerza armado tarea
Subsecretaría de Planeamiento y Coordinación Ejecutiva en Emergencias,58467c47-8b35-50e4-a499-e4d3515983ad,Presidencia de la Nación<br>Ministerio de Defensa<br>Secretaría de Coordinación Militar en Emergencias<br>Subsecretaría de Planeamiento y Coordinación Ejecutiva en Emergencias,2023_12_09,Ministerio de Defensa,defensa nacional,mecanismo actuacion frente situacion emergencia ejecucion accion previsto marco competencia jurisdiccion programa entrenamiento especializado personal <br><b>militar</b><br> actuacion situacion emergencia catastrofe estrategia necesario accion participacion situacion emergencia marco competencia plan capacitacion racionalizacion
Subsecretaría de Gestión de Espacios y Proyectos Especiales,b8c38b12-a235-5526-ac13-78fe8587f848,Presidencia de la Nación<br>Ministerio de Cultura<br>Subsecretaría de Gestión de Espacios y Proyectos Especiales,2023_12_09,Ministerio de Cultura,medio ambiente,tecnopoli bicentenario ciencia tecnologio cultura arte supervision plan anual gestion organismo desconcentrado dependencia marco manejo <br><b>sustentable</b><br>
Ministerio de Seguridad,9ad06ed2-d686-58d3-9960-a0b425b159fe,Presidencia de la Nación<br>Ministerio de Seguridad,2023_12_09,Ministerio de Seguridad,seguridad interior,vinculado navegacion agua aplicacion relacionado seguridad aeroportuario determinacion politica criminal elaboracion plan programa aplicacion prevencion <br><b>delito</b><br> sistema seguridad interior facultad conferida ministerio interior coordinacion accion tendient situacion extraordinario emergencia territorio nacion
Subsecretaría de Transporte Automotor,8be2d709-ca69-529e-a172-b7c1b479aaf6,Presidencia de la Nación<br>Ministerio de Transporte<br>Secretaría de Gestión de Transporte<br>Subsecretaría de Transporte Automotor,2023_12_09,Ministerio de Transporte,hábitat y vivienda,politica permiso concesion explotacion servicio transporte automotor pasajero carga jurisdiccion nacional planificacion estructuracion transporte automotor <br><b>urbano</b><br> suburbano interurbano carga pasajero jurisdiccion nacional elaboracion pliego base condicion llamado concurso licitacion proceso licitatorio
Secretaría de Asuntos Internacionales para la Defensa,a79fbdd2-7fad-5497-ab09-9581b693c3d9,Presidencia de la Nación<br>Ministerio de Defensa<br>Secretaría de Asuntos Internacionales para la Defensa,2023_12_09,Ministerio de Defensa,defensa nacional,planificacion seguimiento ejecucion ejercicio conjunto combinado ejercicio especifico combinado fuerza extranjero planificacion seguimiento ejecucion operacion <br><b>militar</b><br> fuerza armado argentino tema inherente participacion fuerza armadas argentino cumplimiento funcion personal ministerio defensa fuerza
Secretaría de Culto,4ad1a8f2-c15e-5ab1-8c5f-a8e999d116d0,"Presidencia de la Nación<br>Ministerio de Relaciones Exteriores, Comercio Internacional y Culto<br>Secretaría de Culto",2023_12_09,"Ministerio de Relaciones Exteriores, Comercio Internacional y Culto",defensa nacional,culto responsabilidad primario formulacion politica referido relacion republica argentino santo sede soberano <br><b>militar</b><br> orden malta inherente conclusion instrumento internacional negociacion celebracion concordato acuerdo materia religioso culto inherente relacion
Unidad Ejecutora Especial Temporaria 'Unidad Belgrano – Norte Grande',3eb67d54-3e92-52c9-90f9-fc7dcd058fcd,Presidencia de la Nación<br>Ministerio de Obras Públicas<br>Unidad Ejecutora Especial Temporaria 'Unidad Belgrano – Norte Grande',2023_12_09,Ministerio de Obras Públicas,hábitat y vivienda,servicio saneamiento efecto evento caracterizado proceso inundacion fluvial pluvial desarrollo obra infraestructura proteccion inundacion drenaj <br><b>urbano</b><br> accion frente efecto cambio climatico region competencia calidad vida desarrollo infraestructura basico municipal municipio necesidad
Unidad Ejecutora Especial Temporaria 'Unidad Belgrano – Norte Grande',3eb67d54-3e92-52c9-90f9-fc7dcd058fcd,Presidencia de la Nación<br>Ministerio de Obras Públicas<br>Unidad Ejecutora Especial Temporaria 'Unidad Belgrano – Norte Grande',2023_12_09,Ministerio de Obras Públicas,medio ambiente,caracterizado proceso inundacion fluvial pluvial desarrollo obra infraestructura proteccion inundacion drenaj urbano accion frente efecto <br><b>cambio</b><br> <br><b>climatico</b><br> region competencia calidad vida desarrollo infraestructura basico municipal municipio necesidad basico insatisfecha coordinacion gobierno provincial
Subsecretaría de Asuntos Internacionales,23ef3b06-db82-56fd-8b8c-16ea9cdc0f5f,Presidencia de la Nación<br>Ministerio de Defensa<br>Secretaría de Asuntos Internacionales para la Defensa<br>Subsecretaría de Asuntos Internacionales,2023_12_09,Ministerio de Defensa,defensa nacional,seguimiento ejecucion ejercicio conjunto combinado ejercicio especifico combinado fuerza armado extranjero planificacion seguimiento ejecucion operacion <br><b>militar</b><br> fuerza armado argentino actividad vinculacion ministerio defensa fuerza armado ministerio defensa fuerza armado nacion ambito
Ministerio de Desarrollo Territorial y Hábitat,8d59279a-ee99-5e4d-a802-9f56842cb988,Presidencia de la Nación<br>Ministerio de Desarrollo Territorial y Hábitat,2023_12_09,Ministerio de Desarrollo Territorial y Hábitat,hábitat y vivienda,territorial presidente nacion jefe gabinete ministro orden competencia inherente politica promocion reequilibrio social territorial desarrollo <br><b>vivienda</b><br> habitat integracion urbano particular determinacion objetivo politica area competencia plan programa proyecto area competencia elaborado
Ministerio de Desarrollo Territorial y Hábitat,8d59279a-ee99-5e4d-a802-9f56842cb988,Presidencia de la Nación<br>Ministerio de Desarrollo Territorial y Hábitat,2023_12_09,Ministerio de Desarrollo Territorial y Hábitat,medio ambiente,territorial fortalecimiento actualizacion politica desarrollo objetivo competitividad complementariedad territorial urbano rural fomento desarrollo urbano equilibrado <br><b>sustentable</b><br> territorio nacional coordinacion provincia ciudad autonomo aires municipio formulacion desarrollo coordinacion politica regularizacion suelo mejoramiento
"Secretaría de Agricultura, Ganadería y Pesca",b13fad27-f2e2-5c2d-a905-06788fe7543a,"Presidencia de la Nación<br>Ministerio de Economía<br>Secretaría de Agricultura, Ganadería y Pesca",2023_12_09,Ministerio de Economía,medio ambiente,produccion agroalimentario nacional desarrollo bioeconomia aspecto bioenergetico biotecnologico produccion bioproducto plan programa fortalecimiento productivo integral <br><b>sustentable</b><br> pequeno mediano productor agroalimentario elaboracion propuesta ejecucion politica plan programa necesidad desarrollo fortalecimiento diverso sector
"Secretaría de Agricultura, Ganadería y Pesca",b13fad27-f2e2-5c2d-a905-06788fe7543a,"Presidencia de la Nación<br>Ministerio de Economía<br>Secretaría de Agricultura, Ganadería y Pesca",2023_12_09,Ministerio de Economía,seguridad interior,registro fiscalizacion operatoria persona humano juridica comercio industrializacion distinto cadena agroalimentario agroindustrial funcion control fiscalizacion <br><b>policia</b><br> previsto nacional aplicacion regimen recuperacion fomento desarrollo actividad caprin regimen recuperacion ganaderia ovino relativo aplicacion
Unidad Ejecutora Especial Temporaria 'Unidad de Coordinación Federal y Operativa Agropecuaria',ce9c1ef2-cddd-506e-b8bb-c1fabfae21d8,Presidencia de la Nación<br>Ministerio de Economía<br>Unidad Ejecutora Especial Temporaria 'Unidad de Coordinación Federal y Operativa Agropecuaria',2023_12_09,Ministerio de Economía,medio ambiente,nacional internacional accion referido aplicacion instrumento referido prevencion asistencia emergencia agropecuario instrumentacion politica destinado mitigacion <br><b>cambio</b><br> <br><b>climatico</b><br> coordinacion area competencia materia analisis cuestion relativo trabajo agrario vinculacion unidad produccion agropecuario coordinacion autoridad
Subsecretaría de Política Criminal,deedd77c-f0a0-52c4-8e88-2caba6a6e918,Presidencia de la Nación<br>Ministerio de Justicia y Derechos Humanos<br>Secretaría de Justicia<br>Subsecretaría de Política Criminal,2023_12_09,Ministerio de Justicia y Derechos Humanos,seguridad interior,modernizacion judicial politica criminal accion relativo programa nacional proteccion testigo secretaria rescate acompanamiento persona damnificado <br><b>delito</b><br> programa nacional rescate acompanamiento persona damnificado delito contemplado resolucion mjydh
Ministerio de Desarrollo Social,e3c0191b-652e-555f-ae16-924040502d3c,Presidencia de la Nación<br>Ministerio de Desarrollo Social,2023_12_09,Ministerio de Desarrollo Social,hábitat y vivienda,social comunitario caracter productivo recreativo servicio mejoramiento calidad vida marco cumplimiento politica social elaboracion programa <br><b>vivienda</b><br> infraestructura social coordinacion area competente promocion cooperacion asistencia tecnico institucion publico destinado asistencia poblacion registro
Ministerio de Desarrollo Social,e3c0191b-652e-555f-ae16-924040502d3c,Presidencia de la Nación<br>Ministerio de Desarrollo Social,2023_12_09,Ministerio de Desarrollo Social,política social,ministerio <br><b>desarrollo</b><br> <br><b>social</b><br> responsabilidad primario ministerio desarrollo social presidente nacion jefe gabinete ministro orden competencia desarrollo social persona
Subsecretaría de Intervención Federal,65386c25-5c4f-54f7-8c40-76889380c9cf,Presidencia de la Nación<br>Ministerio de Seguridad<br>Secretaría de Seguridad y Política Criminal<br>Subsecretaría de Intervención Federal,2023_12_09,Ministerio de Seguridad,seguridad interior,intervencion federal responsabilidad primario ambito competencia secretaria prevencion violencia <br><b>delito</b><br> federal secretaria implementacion planificacion operativo politica seguridad escala territorial materia lucha delito federal actuacion fuerza
Secretaría de Seguridad Social,b61ca9da-c321-5780-8e9f-a6e7570aaaba,"Presidencia de la Nación<br>Ministerio de Trabajo, Empleo y Seguridad Social<br>Secretaría de Seguridad Social",2023_12_09,"Ministerio de Trabajo, Empleo y Seguridad Social",trabajo y empleo,internacional materia competencia consideracion aprobacion convenio corresponsabilidad gremial formalizado organismo competente seguridad social asociacion sindical <br><b>trabajador</b><br> empleador xxiii
Secretaría de Equidad en Salud,3fc42a1d-7bf8-59ab-ab17-3a63fedb8837,Presidencia de la Nación<br>Ministerio de Salud<br>Secretaría de Equidad en Salud,2023_12_09,Ministerio de Salud,medio ambiente,municipio comunidad ciudad participacion equipo salud dependiente ministerio accion actor sector publico privado promocion creacion <br><b>ambiente</b><br> saludable
Unidad Ejecutora Especial Temporaria 'El Estado en tu Barrio',bac449c3-796d-5373-9dcb-163bf4b20fea,Presidencia de la Nación<br>Jefatura de Gabinete de Ministros<br>Unidad Ejecutora Especial Temporaria 'El Estado en tu Barrio',2023_12_09,Jefatura de Gabinete de Ministros,política social,unidad ejecutoro especial temporario barrio objetivo ministerio <br><b>desarrollo</b><br> <br><b>social</b><br> jurisdiccion organismo participant instrumentacion programa barrio accion proyecto propuesta acceso ciudadano servicio nacional articulacion capacidad
Subsecretaría de Planeamiento Operativo y Servicio Logístico de la Defensa,d6455dc4-b521-548f-946f-51f33f188b64,Presidencia de la Nación<br>Ministerio de Defensa<br>Subsecretaría de Planeamiento Operativo y Servicio Logístico de la Defensa,2023_12_09,Ministerio de Defensa,defensa nacional,formulacion anteproyecto presupuesto jurisdiccion seguimiento evaluacion ejecucion distribucion recurso presupuestario asignado conformidad prioridad emergente planeamiento <br><b>militar</b><br> conjunto aplicacion coordinacion control sistema integral gestion inversion defensa sigid proyecto inversion conformado organismo entidad
Unidad Ejecutora Especial Temporaria de Relaciones Económicas y Medio Ambiente,0d1708ab-f8d7-5465-99e4-8b05ceda6168,"Presidencia de la Nación<br>Ministerio de Relaciones Exteriores, Comercio Internacional y Culto<br>Secretaría de Relaciones Económicas Internacionales<br>Unidad Ejecutora Especial Temporaria de Relaciones Económicas y Medio Ambiente",2023_12_09,"Ministerio de Relaciones Exteriores, Comercio Internacional y Culto",medio ambiente,unidad ejecutoro especial temporario relacion economico <br><b>ambiente</b><br> objetivo secretaria relacion economica internacional formulacion coordinacion relacion economica internacional vinculado requerimiento ambiental tercero pais
Ministerio de Economía,b1dfee42-7993-53ac-8bb5-dabe3a7b0c6a,Presidencia de la Nación<br>Ministerio de Economía,2023_12_09,Ministerio de Economía,trabajo y empleo,evolucion economico pais seguimiento impacto politica productivo desarrollo sector rama cadena valor actividad economica politica <br><b>laboral</b><br> tributario vinculado unidad produccion ambito competencia conformacion administracion regimen precio indiz ambito competencia politica monetario
"Subsecretaría de Prevención, Investigación y Estadísticas en Materia de Drogas",90c49a43-7b17-5103-887c-64afcd2a1675,"Presidencia de la Nación<br>Jefatura de Gabinete de Ministros<br>Secretaría de Políticas Integrales sobre Drogas de la Nación Argentina<br>Subsecretaría de Prevención, Investigación y Estadísticas en Materia de Drogas",2023_12_09,Jefatura de Gabinete de Ministros,trabajo y empleo,prevencion tratamiento consumo sustancia psicoactiva coordinacion ministerio salud ministerio desarrollo social ministerio educacion ministerio trabajo <br><b>empleo</b><br> seguridad social ministerio turismo deporte organismo nacional desarrollo investigacion estudio estadistica relevante materia cuidado prevencion
"Subsecretaría de Prevención, Investigación y Estadísticas en Materia de Drogas",90c49a43-7b17-5103-887c-64afcd2a1675,"Presidencia de la Nación<br>Jefatura de Gabinete de Ministros<br>Secretaría de Políticas Integrales sobre Drogas de la Nación Argentina<br>Subsecretaría de Prevención, Investigación y Estadísticas en Materia de Drogas",2023_12_09,Jefatura de Gabinete de Ministros,política social,consumo sustancia psicoactiva aplicacion politica estrategia prevencion tratamiento consumo sustancia psicoactiva coordinacion ministerio salud ministerio <br><b>desarrollo</b><br> <br><b>social</b><br> ministerio educacion ministerio trabajo empleo seguridad social ministerio turismo deporte organismo nacional desarrollo investigacion estudio
"Subsecretaría de Políticas en Ciencia, Tecnología e Innovación",52a12e61-7cc8-50a7-8564-7f13faf95ac2,"Presidencia de la Nación<br>Ministerio de Ciencia, Tecnología e Innovación<br>Secretaría de Planeamiento y Políticas en Ciencia, Tecnología e Innovación<br>Subsecretaría de Políticas en Ciencia, Tecnología e Innovación",2023_12_09,"Ministerio de Ciencia, Tecnología e Innovación",hábitat y vivienda,tecnologio innovacion prioridad programa politica desarrollo pais avance tecnologico innovacion productivo mejora calidad educacion salud <br><b>vivienda</b><br> comunicacion transportes instrumento capacidad tecnologico competitivo sistema productivo bien servicio particular pequeno mediano empresa radicado
Unidad Ejecutora Especial Temporaria ´Unidad de Gestión de Asuntos Institucionales e Internacionales´,ff2db0e3-0950-5f11-9587-e83d16ddf307,Presidencia de la Nación<br>Ministerio de Desarrollo Territorial y Hábitat<br>Unidad Ejecutora Especial Temporaria ´Unidad de Gestión de Asuntos Institucionales e Internacionales´,2023_12_09,Ministerio de Desarrollo Territorial y Hábitat,hábitat y vivienda,articulacion accion conjunto llevadas cabo jurisdiccion entidad sector publico nacional necesario implementacion distinto programa subprograma <br><b>vivienda</b><br> ambito ministerio ministerio desarrollo territorial acuerdo jurisdiccional institucional cumplimiento competencia accion area competente jurisdiccion monitoreo
Secretaría de Energía,fdb2131b-53c4-5e24-b823-11817ed6f496,Presidencia de la Nación<br>Ministerio de Economía<br>Secretaría de Energía,2023_12_09,Ministerio de Economía,medio ambiente,empresa sector energetico participacion estatal ambito jurisdiccion aplicacion politica sectorial explotacion racional recurso natural preservacion <br><b>ambiente</b><br> utilizacion fuente energia incorporacion oferta hidroelectrico convencional investigacion aplicado campo celebracion acuerdo cooperacion integracion internacional
Secretaría de Trabajo,bb6f00ee-4b55-528c-abe9-30138feff647,"Presidencia de la Nación<br>Ministerio de Trabajo, Empleo y Seguridad Social<br>Secretaría de Trabajo",2023_12_09,"Ministerio de Trabajo, Empleo y Seguridad Social",trabajo y empleo,conforme directiva ministra trabajo empleo seguridad social diseno politica laboral nacional plan programa tendient derecho <br><b>trabajador</b><br> preparacion revision promocion gestion control cumplimiento norma relativo regimen contrato trabajo proteccion trabajo asociacion profesional
Secretaría de Trabajo,bb6f00ee-4b55-528c-abe9-30138feff647,"Presidencia de la Nación<br>Ministerio de Trabajo, Empleo y Seguridad Social<br>Secretaría de Trabajo",2023_12_09,"Ministerio de Trabajo, Empleo y Seguridad Social",género y diversidad sexual,registrado distorsion incumplimiento normativa laboral seguridad social promocion regulacion fiscalizacion cumplimiento igualdad oportunidad trato varon <br><b>mujer</b><br> diversidad sexual genero acceso empleo trabajo proteccion maternidad eliminacion trabajo forzoso violencia laboral trabajo infantil
Secretaría de Trabajo,bb6f00ee-4b55-528c-abe9-30138feff647,"Presidencia de la Nación<br>Ministerio de Trabajo, Empleo y Seguridad Social<br>Secretaría de Trabajo",2023_12_09,"Ministerio de Trabajo, Empleo y Seguridad Social",seguridad interior,trabajo proteccion trabajo asociacion profesional trabajador empleador negociacion convencion colectivo tratamiento conflicto individual colectivo trabajo <br><b>policia</b><br> trabajo regimen especial trabajo salud seguridad trabajo formulacion politica inspeccion trabajo destinado eliminacion empleo registrado
Secretaría de Educación,ba96cefd-8ccf-53ac-acd6-26177018763e,Presidencia de la Nación<br>Ministerio de Educación<br>Secretaría de Educación,2023_12_09,Ministerio de Educación,género y diversidad sexual,valoracion jerarquizacion tarea docente elemento central mejora ensenanza aplicacion educacion nacional modificacion programa nacional educacion <br><b>sexual</b><br> integral educativo nacional ministra formulacion actualizacion normativa fortalecimiento funcionamiento sistema educativo nacional concordancia politica estrategia
Secretaría de Hábitat,b4057f3d-f9f0-5353-9626-aa55944bc036,Presidencia de la Nación<br>Ministerio de Desarrollo Territorial y Hábitat<br>Secretaría de Hábitat,2023_12_09,Ministerio de Desarrollo Territorial y Hábitat,hábitat y vivienda,<br><b>habitat</b><br> responsabilidad primario politica publico alcance federal destinado reequilibrio territorial programa popular integracion urbano coordinacion gobierno
"Ministerio de Relaciones Exteriores, Comercio Internacional y Culto",95c75b8b-d687-57cf-9caf-9131b2e803c0,"Presidencia de la Nación<br>Ministerio de Relaciones Exteriores, Comercio Internacional y Culto",2023_12_09,"Ministerio de Relaciones Exteriores, Comercio Internacional y Culto",trabajo y empleo,exterior negociacion cooperacion internacional ambito educativo cultural ambiental economico social cientifico tecnico tecnologico nuclear espacial <br><b>laboral</b><br> juridico coordinacion respectivo ministerio demas organismo nacional competencia dicho ambito punto vista politica exterior elaboracion
"Ministerio de Relaciones Exteriores, Comercio Internacional y Culto",95c75b8b-d687-57cf-9caf-9131b2e803c0,"Presidencia de la Nación<br>Ministerio de Relaciones Exteriores, Comercio Internacional y Culto",2023_12_09,"Ministerio de Relaciones Exteriores, Comercio Internacional y Culto",género y diversidad sexual,formulacion politica elaboracion plan programa representacion nacional organismo internacional materia derechos humanos relativo condicion situacion <br><b>mujer</b><br> reforma legislacion nacional dicho materia acto ejecutivo nacional conexion politica exterior nacion compromiso asumido republica
"Ministerio de Relaciones Exteriores, Comercio Internacional y Culto",95c75b8b-d687-57cf-9caf-9131b2e803c0,"Presidencia de la Nación<br>Ministerio de Relaciones Exteriores, Comercio Internacional y Culto",2023_12_09,"Ministerio de Relaciones Exteriores, Comercio Internacional y Culto",medio ambiente,extranjero asimilacion integracion comunidad nacional negociacion internacional punto vista relacion exterior formulacion ejecucion politica proteccion <br><b>ambiente</b><br> preservacion territorio terrestre maritimo argentino area adyacente espacio aereo punto vista politica exterior relativo prevencion
"Ministerio de Relaciones Exteriores, Comercio Internacional y Culto",95c75b8b-d687-57cf-9caf-9131b2e803c0,"Presidencia de la Nación<br>Ministerio de Relaciones Exteriores, Comercio Internacional y Culto",2023_12_09,"Ministerio de Relaciones Exteriores, Comercio Internacional y Culto",seguridad interior,territorio terrestre maritimo argentino area adyacente espacio aereo punto vista politica exterior relativo prevencion sancion <br><b>delito</b><br> internacional negociacion internacional formulacion politica convenio bilateral multilateral cooperacion internacional materia lucha trafico ilicito estupefaciente
Subsecretaría de Energía Eléctrica,203d5006-bdc4-50b6-a731-20de43c732ee,Presidencia de la Nación<br>Ministerio de Economía<br>Secretaría de Energía<br>Subsecretaría de Energía Eléctrica,2023_12_09,Ministerio de Economía,medio ambiente,politica normativo aspecto vinculado desarrollo generacion energia electrico modalidad aprovechamiento recurso hidrico criterio ambiental tipo <br><b>sustentable</b><br> secretaria ambito competencia relacion ente organismo control servicio publico privatizado concesionado servicio publico transporte distribucion
Subsecretaría de Acceso a la Justicia,76833aa9-2f92-5173-928a-ca909da92bed,Presidencia de la Nación<br>Ministerio de Justicia y Derechos Humanos<br>Secretaría de Justicia<br>Subsecretaría de Acceso a la Justicia,2023_12_09,Ministerio de Justicia y Derechos Humanos,género y diversidad sexual,acceso justicia victima violencia genero nivel federal politica atencion asesoramiento acompanamiento contencion psicosocial victima violencia <br><b>sexual</b><br> ministro rescate acompanamiento persona damnificado delito politica acceso informacion promocion formacion derecho desarrollo accion materia
Subsecretaría de Acceso a la Justicia,76833aa9-2f92-5173-928a-ca909da92bed,Presidencia de la Nación<br>Ministerio de Justicia y Derechos Humanos<br>Secretaría de Justicia<br>Subsecretaría de Acceso a la Justicia,2023_12_09,Ministerio de Justicia y Derechos Humanos,seguridad interior,publico federal acceso justicia asunto relacionado medio alternativo resolucion conflicto relativo asesoramiento orientacion acompanamiento victima <br><b>delito</b><br> centro asistencia victima delito creado accion relativo programa nacional asistencia persona discapacidad relacion administracion justicia
"Subsecretaría de Derechos para la Niñez, Adolescencia y Familia",28ecfa8c-a0ad-5201-b862-43e0c11821b5,"Presidencia de la Nación<br>Ministerio de Desarrollo Social<br>Secretaría Nacional de Niñez, Adolescencia y Familia<br>Subsecretaría de Derechos para la Niñez, Adolescencia y Familia",2023_12_09,Ministerio de Desarrollo Social,política social,derecho ninez adolescencia <br><b>familia</b><br> objetivo politica programa caracter nacional finalidad promocion proteccion restitucion derecho nina nino adolescente accion preventivo
Subsecretaría de Pesca y Acuicultura,d5aa17be-b38c-5aba-9d49-890219948d9d,"Presidencia de la Nación<br>Ministerio de Economía<br>Secretaría de Agricultura, Ganadería y Pesca<br>Subsecretaría de Pesca y Acuicultura",2023_12_09,Ministerio de Economía,trabajo y empleo,negociacion internacional tema pesquero negociacion bilateral multilateral organismo internacional desarrollo proceso industrial obtencion valor agregado <br><b>empleo</b><br> mano obra argentino coordinacion area competente medida tendient actividad pesquero acuicultura explotacion cultivo tarea fiscalizacion
Secretaría de Cooperación Internacional,862725a0-d2f2-5ad4-91ed-be897e854723,Presidencia de la Nación<br>Ministerio de Seguridad<br>Secretaría de Cooperación Internacional,2023_12_09,Ministerio de Seguridad,seguridad interior,area competencia materia administracion nacional diseno desarrollo implementacion politica jurisdiccional cooperacion internacional ministerio fuerza policial <br><b>seguridad</b><br> <br><b>federal</b><br> elaboracion politica seguridad instancia coordinacion cooperacion pais elaboracion acuerdo seguridad nivel bilateral regional multilateral coordinacion
Subsecretaría de Políticas de Vivienda e Infraestructuras,9d749c93-7200-5c30-9e40-795a58cf958a,Presidencia de la Nación<br>Ministerio de Desarrollo Territorial y Hábitat<br>Secretaría de Hábitat<br>Subsecretaría de Políticas de Vivienda e Infraestructuras,2023_12_09,Ministerio de Desarrollo Territorial y Hábitat,hábitat y vivienda,politica <br><b>vivienda</b><br> infraestructura responsabilidad primario secretaria elaboracion ejecucion financiacion politica programa vivienda infraestructura urbano implementado sector publico
Casa Militar,7a1bc09b-a67e-510d-8ca4-29d27b6c8758,Presidencia de la Nación<br>Secretaría General<br>Casa Militar,2023_12_09,Secretaría General,defensa nacional,casa <br><b>militar</b><br> secretario general casa militar objetivo seguridad senor presidente nacion familiar directo casa gobierno residencia presidencial
Casa Militar,7a1bc09b-a67e-510d-8ca4-29d27b6c8758,Presidencia de la Nación<br>Secretaría General<br>Casa Militar,2023_12_09,Secretaría General,política social,senor presidente nacion familiar directo casa gobierno residencia presidencial olivo lugar residencia transitorio senor presidente <br><b>familia</b><br> ceremonial militar presidencia nacion atinente ceremonial protocolo regimiento granadero caballo general martin
Secretaría de Planificación de Transporte,f4d01581-f193-50ed-b079-e31dbae3f0da,Presidencia de la Nación<br>Ministerio de Transporte<br>Secretaría de Planificación de Transporte,2023_12_09,Ministerio de Transporte,hábitat y vivienda,ministra interaccion organismo empresa dependiente jurisdiccion planificacion regulacion transporte agencia transporte metropolitano comision coordinacion transporte <br><b>urbano</b><br> suburbano diverso area metropolitano caracter interjurisdiccional atinente materia competencia servicio transporte mecanismo control planificacion sistema
Ministerio de Ambiente y Desarrollo Sostenible,95ebd2c2-c2fb-55a0-b307-a9f839de91f4,Presidencia de la Nación<br>Ministerio de Ambiente y Desarrollo Sostenible,2023_12_09,Ministerio de Ambiente y Desarrollo Sostenible,medio ambiente,ministerio <br><b>ambiente</b><br> desarrollo sostenible ministerio ambiente desarrollo sostenible presidente nacion jefe gabinete ministro inherente politica ambiental desarrollo
Subsecretaría de Investigación Criminal y Cooperación Judicial,88eb0c01-93be-5281-9b8f-e9d8bf89d698,Presidencia de la Nación<br>Ministerio de Seguridad<br>Secretaría de Seguridad y Política Criminal<br>Subsecretaría de Investigación Criminal y Cooperación Judicial,2023_12_09,Ministerio de Seguridad,seguridad interior,cuestion atinent reforma judicial area competencia comando unificado federal recaptura evadido ambito competencia secretaria deteccion <br><b>delito</b><br> complejo secretaria direccion investigacion criminalidad organizado particular atencion delito terrorismo trafico arma persona trafico droga
Unidad Ejecutora Especial Temporaria Fortalecimiento en la Infraestructura de Cuidados,56e709a1-8ab7-54b2-88a3-dbeeb4afc03a,Presidencia de la Nación<br>Ministerio de Desarrollo Social<br>Unidad Ejecutora Especial Temporaria Fortalecimiento en la Infraestructura de Cuidados,2023_12_09,Ministerio de Desarrollo Social,género y diversidad sexual,implementacion desarrollo mejoramiento gestion infraestructura destinado espacio politica cuidado coordinacion area competente ministerio salud ministerio <br><b>mujer</b><br> genero diversidad dependencia ejecutivo nacional continuidad agenda materia fortalecimiento cuidado coordinacion area ministerio competencia materia
Unidad Ejecutora Especial Temporaria Fortalecimiento en la Infraestructura de Cuidados,56e709a1-8ab7-54b2-88a3-dbeeb4afc03a,Presidencia de la Nación<br>Ministerio de Desarrollo Social<br>Unidad Ejecutora Especial Temporaria Fortalecimiento en la Infraestructura de Cuidados,2023_12_09,Ministerio de Desarrollo Social,política social,infraestructura cuidado unidad ejecutoro especial temporario fortalecimiento infraestructura cuidado tendra objetivo ministroa distinto secretaria ministerio <br><b>desarrollo</b><br> <br><b>social</b><br> estudio analisis implementacion estrategia integral articulacion politica social especialmente disenada instrumentada fortalecimiento derecho cuidado autocuidado
Unidad Ejecutora Especial Temporaria 'Asuntos Internacionales y Cooperación Federal',04fb6292-b75b-5a7d-b242-608fd38af2ac,Presidencia de la Nación<br>Ministerio de Desarrollo Social<br>Unidad Ejecutora Especial Temporaria 'Asuntos Internacionales y Cooperación Federal',2023_12_09,Ministerio de Desarrollo Social,política social,unidad ejecutoro especial temporario asunto internacional cooperacion federal tendra objetivo area ministerio <br><b>desarrollo</b><br> <br><b>social</b><br> promocion acuerdo provincia municipio ciudad autonomo aires caracter regional internacional tema desarrollo social coordinacion area
Subsecretaría de Primera Infancia,7e00b99d-207d-59e0-92d3-f45da83cc6a4,"Presidencia de la Nación<br>Ministerio de Desarrollo Social<br>Secretaría Nacional de Niñez, Adolescencia y Familia<br>Subsecretaría de Primera Infancia",2023_12_09,Ministerio de Desarrollo Social,política social,capacitacion relacion politica programa asistencia infancia implementado organismo gubernamental gubernamental funcionamiento consejo federal ninez adolescencia <br><b>familia</b><br> coordinadamente organismo politica publico integral
Subsecretaría de Gestión y Articulación de Programas Populares,8d8bbfd1-7386-58d9-91be-8d092c165845,Presidencia de la Nación<br>Ministerio de Desarrollo Territorial y Hábitat<br>Secretaría de Hábitat<br>Subsecretaría de Gestión y Articulación de Programas Populares,2023_12_09,Ministerio de Desarrollo Territorial y Hábitat,hábitat y vivienda,local diseno desarrollo tecnico obra infraestructura servicio equipamiento colectivo espacio publico nucleo sanitario mejoramiento habitacional <br><b>vivienda</b><br> individual colectivo perspectiva abordaje integral crecimiento asentamiento politica reserva espacio libre destinado produccion agroecologico coordinacion
Subsecretaría de Gestión y Articulación de Programas Populares,8d8bbfd1-7386-58d9-91be-8d092c165845,Presidencia de la Nación<br>Ministerio de Desarrollo Territorial y Hábitat<br>Secretaría de Hábitat<br>Subsecretaría de Gestión y Articulación de Programas Populares,2023_12_09,Ministerio de Desarrollo Territorial y Hábitat,política social,ejecucion distinto etapa accion rehabilitacion integracion urbano reequilibrio territorial coordinacion area competencia especifico materia ministerio <br><b>desarrollo</b><br> <br><b>social</b><br> transformacion barrio area vulnerable abordaje integral integracion social ambiental fisico ordenamiento suelo regularizacion asentamiento informal
"Secretaría de Investigación, Política Industrial y Producción para la Defensa",9cbeac0e-8da4-5948-8ec2-b4c88786beae,"Presidencia de la Nación<br>Ministerio de Defensa<br>Secretaría de Investigación, Política Industrial y Producción para la Defensa",2023_12_09,Ministerio de Defensa,defensa nacional,sistema aeronavegabilidad defensa supervision coordinacion gestion instituto vinculado produccion informacion geografico meteorologico hidrografico gestion fabricacion <br><b>militar</b><br> sociedad
Secretaría de Articulación Científico-Tecnológica,128f916e-a9c8-5b50-bba8-a256898287b9,"Presidencia de la Nación<br>Ministerio de Ciencia, Tecnología e Innovación<br>Secretaría de Articulación Científico-Tecnológica",2023_12_09,"Ministerio de Ciencia, Tecnología e Innovación",trabajo y empleo,innovacion publico ciencia abierto gestion dato informacion sistema nacional ciencia tecnologio innovacion activo civico formacion <br><b>empleo</b><br> recurso humano calificado promocion movilidad utilizacion renovacion ampliacion recurso fisico infraestructura conformacion institucion sistema nacional
Subsecretaría de Fiscalización y Recomposición,a8637646-d3b3-59a8-8b4a-19b10247f798,Presidencia de la Nación<br>Ministerio de Ambiente y Desarrollo Sostenible<br>Secretaría de Control y Monitoreo Ambiental<br>Subsecretaría de Fiscalización y Recomposición,2023_12_09,Ministerio de Ambiente y Desarrollo Sostenible,medio ambiente,complementario capacitacion control cuerpo fiscalizacion control ambiental politica contralor sumario sancion infraccion normativa ambiental ministerio <br><b>ambiente</b><br> desarrollo sostenible resulte autoridad aplicacion tematica calidad ambiental remediacion sitio contaminado marco normativa ambiental materia
"Ministerio de Trabajo, Empleo y Seguridad Social",0aac1508-8ee5-54fa-8721-977b8b0fe7d0,"Presidencia de la Nación<br>Ministerio de Trabajo, Empleo y Seguridad Social",2023_12_09,"Ministerio de Trabajo, Empleo y Seguridad Social",trabajo y empleo,programa proyecto area competencia elaborado conforme directiva ejecutivo nacional promocion regulacion fiscalizacion cumplimiento derecho fundamental <br><b>trabajador</b><br> especial libertad sindical negociacion colectivo igualdad oportunidad trato eliminacion trabajo forzoso infantil relativo regimen contrato
"Ministerio de Trabajo, Empleo y Seguridad Social",0aac1508-8ee5-54fa-8721-977b8b0fe7d0,"Presidencia de la Nación<br>Ministerio de Trabajo, Empleo y Seguridad Social",2023_12_09,"Ministerio de Trabajo, Empleo y Seguridad Social",género y diversidad sexual,registrado elaboracion aplicacion fiscalizacion regimen trabajo menor discapacitado grupo especial trabajador igualdad oportunidad trato hombre <br><b>mujer</b><br> acceso empleo trabajo proteccion maternidad elaboracion organizacion aplicacion fiscalizacion regimen trabajo portuario transporte terrestre aereo
"Ministerio de Trabajo, Empleo y Seguridad Social",0aac1508-8ee5-54fa-8721-977b8b0fe7d0,"Presidencia de la Nación<br>Ministerio de Trabajo, Empleo y Seguridad Social",2023_12_09,"Ministerio de Trabajo, Empleo y Seguridad Social",medio ambiente,maritimo fluvial regimen especial trabajo elaboracion fiscalizacion norma general particular referido higiene salud seguridad lugar <br><b>ambiente</b><br> tarea territorio nacion elaboracion ejecucion pauta politica salarial sector privado fijacion sector publico nacional relativo
"Ministerio de Trabajo, Empleo y Seguridad Social",0aac1508-8ee5-54fa-8721-977b8b0fe7d0,"Presidencia de la Nación<br>Ministerio de Trabajo, Empleo y Seguridad Social",2023_12_09,"Ministerio de Trabajo, Empleo y Seguridad Social",seguridad interior,norma legal relativo constitucion funcionamiento asociacion profesional trabajador organizacion registro asociacion empleador territorio nacion ejercicio <br><b>policia</b><br> orden laboral autoridad central superintendencia inspeccion trabajo politica plan nacional fiscalizacion especial relativo control empleo
"Ministerio de Trabajo, Empleo y Seguridad Social",0aac1508-8ee5-54fa-8721-977b8b0fe7d0,"Presidencia de la Nación<br>Ministerio de Trabajo, Empleo y Seguridad Social",2023_12_09,"Ministerio de Trabajo, Empleo y Seguridad Social",política social,ejecucion fiscalizacion programa regimen integrado seguridad social materia riesgo trabajo maternidad vejez invalidez muerte carga <br><b>familia</b><br> desempleo contingencia caracter social aprobacion convenio organismo competente seguridad social asociacion sindical trabajador empleador armonizacion
Secretaría de Economía Social,24113c58-2848-55ef-9f2c-b0a83626099e,Presidencia de la Nación<br>Ministerio de Desarrollo Social<br>Secretaría de Economía Social,2023_12_09,Ministerio de Desarrollo Social,trabajo y empleo,capacidad mejora calidad vida persona diseno implementacion accion politica social tendient marco regulatorio generacion oportunidad <br><b>empleo</b><br> comercializacion producto diverso actor economia social popular generacion espacio intercambio comercial cadena comercializacion desarrollo mercado
Secretaría de Economía Social,24113c58-2848-55ef-9f2c-b0a83626099e,Presidencia de la Nación<br>Ministerio de Desarrollo Social<br>Secretaría de Economía Social,2023_12_09,Ministerio de Desarrollo Social,política social,economia social ministerio <br><b>desarrollo</b><br> <br><b>social</b><br> secretario economia social objetivo diseno articulacion evaluacion politica promocion economia social desarrollo integral actor social
Secretaría de Desarrollo Turístico,4c013091-1762-5b9c-abc7-cb39ae8900a9,Presidencia de la Nación<br>Ministerio de Turismo y Deportes<br>Secretaría de Desarrollo Turístico,2023_12_09,Ministerio de Turismo y Deportes,medio ambiente,local regional internacional receptivo ministra politica desarrollo oferta turistico definicion estrategia fortalecimiento destino turistico desarrollo <br><b>sustentable</b><br> nivel local ministra plan captacion inversion desarrollo actividad turistico republica argentino politica financiamiento incentivo inversion
Subsecretaría de Promoción de la Economía Social y Desarrollo Local,62bf2069-50c4-51fb-97f0-50d3c2edaf34,Presidencia de la Nación<br>Ministerio de Desarrollo Social<br>Secretaría de Economía Social<br>Subsecretaría de Promoción de la Economía Social y Desarrollo Local,2023_12_09,Ministerio de Desarrollo Social,trabajo y empleo,diseno implementacion politica promocion desarrollo local territorio perspectiva inclusion genero accion politica social generacion oportunidad <br><b>empleo</b><br> comercializacion producto marco economia social popular cadena comercializacion desarrollo mercado especifico secretaria promocion adopcion estrategia
"Subsecretaría de Calidad, Accesibilidad y Sustentabilidad del Turismo Nacional",a3b68cbf-89d1-59f1-b0c4-c77d8d00d5c2,"Presidencia de la Nación<br>Ministerio de Turismo y Deportes<br>Secretaría de Desarrollo Turístico<br>Subsecretaría de Calidad, Accesibilidad y Sustentabilidad del Turismo Nacional",2023_12_09,Ministerio de Turismo y Deportes,medio ambiente,estrategia institucional fomento prestacion turismo social unidad turistico embalse chapadmalal secretaria planificacion proyecto tendient desarrollo <br><b>sustentable</b><br> oferta turistico nacional secretaria politica tendient acceso turismo segmento poblacion secretaria elaboracion gestion plan proyecto
Subsecretaría de Educación Social y Cultural,f2d5d50c-b1bb-5bc0-b036-7e79e47874b0,Presidencia de la Nación<br>Ministerio de Educación<br>Secretaría de Educación<br>Subsecretaría de Educación Social y Cultural,2023_12_09,Ministerio de Educación,género y diversidad sexual,promocion derechos humanos salud cuidado ambiente coordinacion area competente administracion publico nacional accion cumplimiento educacion <br><b>sexual</b><br> integral vinculo cooperativo creativo escuela comunidad organizacion municipio desarrollo extension escolaridad accion programa desarrollo lectura
Subsecretaría de Educación Social y Cultural,f2d5d50c-b1bb-5bc0-b036-7e79e47874b0,Presidencia de la Nación<br>Ministerio de Educación<br>Secretaría de Educación<br>Subsecretaría de Educación Social y Cultural,2023_12_09,Ministerio de Educación,medio ambiente,efecto desigualdad social recorrido escolar accion programa proyecto educativo intersectorial promocion derechos humanos salud cuidado <br><b>ambiente</b><br> coordinacion area competente administracion publico nacional accion cumplimiento educacion sexual integral vinculo cooperativo creativo escuela
Subsecretaría de Programas de Hábitat,b7dd2722-bdcd-5626-90a1-91edf24b086d,Presidencia de la Nación<br>Ministerio de Desarrollo Territorial y Hábitat<br>Secretaría de Hábitat<br>Subsecretaría de Programas de Hábitat,2023_12_09,Ministerio de Desarrollo Territorial y Hábitat,hábitat y vivienda,programa habitat responsabilidad primario elaboracion ejecucion programa objeto desarrollo acceso habitat promocion investigacion desarrollo tipologia <br><b>vivienda</b><br> tecnica sistema construccion obra intervencion asentamientos humanos celebracion convenio cooperacion tecnico entidad territorial organizacion sociedad
Subsecretaría de Hidrocarburos,d78727ba-76bb-5e77-8318-dd9770314595,Presidencia de la Nación<br>Ministerio de Economía<br>Secretaría de Energía<br>Subsecretaría de Hidrocarburos,2023_12_09,Ministerio de Economía,medio ambiente,licitacion proceso licitatorio contratacion directo vinculado area competencia promocion supervision explotacion racional recurso hidrocarburifero preservacion <br><b>ambiente</b><br> etapa industria petrolero combustible area correspondiente plan otorgamiento permiso reconocimiento superficial permiso exploracion concesion explotacion
Subsecretaría de Hidrocarburos,d78727ba-76bb-5e77-8318-dd9770314595,Presidencia de la Nación<br>Ministerio de Economía<br>Secretaría de Energía<br>Subsecretaría de Hidrocarburos,2023_12_09,Ministerio de Economía,seguridad interior,competencia programa normativa materia especificacion combustible biocombustibl refinacion comercializacion petroleo crudo derivado caracterizacion tecnico pertinente <br><b>policia</b><br> materia seguridad comercializacion licuado petroleo granel fraccionado organismo correspondiente materia accion tendient evasion impuesto combustible
Subsecretaría de Fortalecimiento de las Familias y su Inclusión Comunitaria,cd930fae-2822-558d-8faf-41e4ac21dd8e,"Presidencia de la Nación<br>Ministerio de Desarrollo Social<br>Secretaría Nacional de Niñez, Adolescencia y Familia<br>Subsecretaría de Fortalecimiento de las Familias y su Inclusión Comunitaria",2023_12_09,Ministerio de Desarrollo Social,política social,fortalecimiento <br><b>familia</b><br> inclusion comunitario objetivo politica orientado desarrollo fortalecimiento proteccion acompanamiento familia enfoque federal derecho transversalidad perspectiva
Subsecretaría de Programas Especiales contra la Violencia por Razones de Género,a97dd4e8-1b9a-5aad-848f-77a3fd705c18,"Presidencia de la Nación<br>Ministerio de las Mujeres, Géneros y Diversidad<br>Secretaría de Políticas contra la Violencia por Razones de Género<br>Subsecretaría de Programas Especiales contra la Violencia por Razones de Género",2023_12_09,"Ministerio de las Mujeres, Géneros y Diversidad",género y diversidad sexual,proyecto prevencion sensibilizacion violencia libertad reproductivo politica integral especifico reduccion femicidio travesticidio transfemicidio delito integridad <br><b>sexual</b><br> accion organismo competente materia tendient reduccion tasa impunidad femicidio travesticidio transfemicidio delito integridad sexual comite
Subsecretaría de Programas Especiales contra la Violencia por Razones de Género,a97dd4e8-1b9a-5aad-848f-77a3fd705c18,"Presidencia de la Nación<br>Ministerio de las Mujeres, Géneros y Diversidad<br>Secretaría de Políticas contra la Violencia por Razones de Género<br>Subsecretaría de Programas Especiales contra la Violencia por Razones de Género",2023_12_09,"Ministerio de las Mujeres, Géneros y Diversidad",seguridad interior,vulnerabilidad programa proyecto prevencion sensibilizacion violencia libertad reproductivo politica integral especifico reduccion femicidio travesticidio transfemicidio <br><b>delito</b><br> integridad sexual accion organismo competente materia tendient reduccion tasa impunidad femicidio travesticidio transfemicidio delito integridad
Subsecretaría de Fiscalización del Trabajo,fe3046b3-76da-5bdb-9268-9faf40bdd21c,"Presidencia de la Nación<br>Ministerio de Trabajo, Empleo y Seguridad Social<br>Secretaría de Trabajo<br>Subsecretaría de Fiscalización del Trabajo",2023_12_09,"Ministerio de Trabajo, Empleo y Seguridad Social",trabajo y empleo,recomendacion complementario desempeno servicio cumplimiento distinto jurisdiccion miras deteccion trabajo participacion coordinado colaboracion entidad representativo <br><b>trabajador</b><br> empleador seguimiento control plan nacional fiscalizacion instrumentado general recurso personal afectado plan fiscalizacion sistema emision
Secretaría de Articulación Federal,b9a939a5-04ed-5e48-bdf1-560541abf7eb,Presidencia de la Nación<br>Ministerio de Desarrollo Territorial y Hábitat<br>Secretaría de Articulación Federal,2023_12_09,Ministerio de Desarrollo Territorial y Hábitat,hábitat y vivienda,region provincia municipio ciudad autonomo aires dialogo intersectorial interinstitucional formulacion implementacion politica integral relativo desarrollo <br><b>vivienda</b><br> acceso habitat integracion urbano implementacion sustentable federal programa proyecto ministerio caracteristica particularidad regional local situacion
Secretaría de Articulación Federal,b9a939a5-04ed-5e48-bdf1-560541abf7eb,Presidencia de la Nación<br>Ministerio de Desarrollo Territorial y Hábitat<br>Secretaría de Articulación Federal,2023_12_09,Ministerio de Desarrollo Territorial y Hábitat,medio ambiente,dialogo intersectorial interinstitucional formulacion implementacion politica integral relativo desarrollo vivienda acceso habitat integracion urbano implementacion <br><b>sustentable</b><br> federal programa proyecto ministerio caracteristica particularidad regional local situacion provincia ciudad autonomo aires municipio materia
Subsecretaría de Abordaje y Gestión Regional,e1411b4f-90e9-5377-9dc0-d1816e5326c5,Presidencia de la Nación<br>Ministerio de Desarrollo Territorial y Hábitat<br>Secretaría de Articulación Federal<br>Subsecretaría de Abordaje y Gestión Regional,2023_12_09,Ministerio de Desarrollo Territorial y Hábitat,hábitat y vivienda,subsecretario abordaje gestion regional objetivo abordaje territorial politica ministerio ambito competencia gestion regional materia desarrollo <br><b>vivienda</b><br> acceso habitat integracion urbano provincia ciudad autonomo aires municipio trabajo conjunto organismo provincial ciudad autonomo
Subsecretaría de Abordaje y Gestión Regional,e1411b4f-90e9-5377-9dc0-d1816e5326c5,Presidencia de la Nación<br>Ministerio de Desarrollo Territorial y Hábitat<br>Secretaría de Articulación Federal<br>Subsecretaría de Abordaje y Gestión Regional,2023_12_09,Ministerio de Desarrollo Territorial y Hábitat,medio ambiente,aires municipio formulacion implementacion politica relativo desarrollo vivienda acceso habitat integracion urbano secretaria planificacion implementacion <br><b>sustentable</b><br> federal programa proyecto jurisdiccion distinto region provincia municipio ciudad autonomo aires reequilibrio social territorial realizacion
"Subsecretaría de Planificación, Estudios y Estadísticas",8a9e8e5c-f743-573c-b58b-cef668fd4811,"Presidencia de la Nación<br>Ministerio de Trabajo, Empleo y Seguridad Social<br>Subsecretaría de Planificación, Estudios y Estadísticas",2023_12_09,"Ministerio de Trabajo, Empleo y Seguridad Social",trabajo y empleo,planificacion estudio estadistica objetivo formulacion objetivo estrategico ministerio trabajo <br><b>empleo</b><br> seguridad social elaboracion seguimiento plan estrategico plan operativo anual implementacion programa mejoramiento calidad servicio dependencia
Secretaría de Acceso a la Salud,ab8a0b81-7dca-5c9c-af62-12cc91534af8,Presidencia de la Nación<br>Ministerio de Salud<br>Secretaría de Acceso a la Salud,2023_12_09,Ministerio de Salud,género y diversidad sexual,nacional interregional tendient morbilidad mortalidad materno infantil diseno estrategia politica materia salud maternoinfantil adolescente salud <br><b>sexual</b><br> procreacion responsable prevencion embarazo intencional adolescente reproduccion medicamente asistido prevencion tratamiento enfermedad transmision sexual elaboracion
Secretaría de Cooperación Educativa y Acciones Prioritarias,3b672295-a8ec-527b-9bee-6f0611dbe64b,Presidencia de la Nación<br>Ministerio de Educación<br>Secretaría de Cooperación Educativa y Acciones Prioritarias,2023_12_09,Ministerio de Educación,trabajo y empleo,intervencion elaboracion programa especial dirigido cumplimiento prioridad politica educativo relacion organizacion sociedad civil plataforma ciudadana <br><b>sindicato</b><br> empresa movimiento colectivo social promocion garantia derecho educacion espacio intervencion social comunitario ministerio educacion proceso
Ministerio de Salud,3fc8e3c1-db68-5ee4-a52e-f2a710dbce77,Presidencia de la Nación<br>Ministerio de Salud,2023_12_09,Ministerio de Salud,seguridad interior,reglamentario medicina deporte fiscalizacion medico inmigracion defensa sanitario frontera puerto aeropuerto medio transporte internacional ejercicio <br><b>policia</b><br> sanitario referente producto equipo instrumental procedimiento vinculado salud radicacion industria productor dictado norma procedimiento garantia
Secretaría de Relaciones Exteriores,a89c2daf-4a82-5cf4-834d-45d701524a02,"Presidencia de la Nación<br>Ministerio de Relaciones Exteriores, Comercio Internacional y Culto<br>Secretaría de Relaciones Exteriores",2023_12_09,"Ministerio de Relaciones Exteriores, Comercio Internacional y Culto",género y diversidad sexual,armonizacion base criterio funcional geografico politica curso accion asunto relativo derechos humanos asunto genero situacion <br><b>mujer</b><br> seguridad internacional nuclear espacial formulacion politica programa relacionado punto vista politica exterior inherente actividad mision
"Ministerio de las Mujeres, Géneros y Diversidad",37782bb4-757e-5a54-8761-1865657d459d,"Presidencia de la Nación<br>Ministerio de las Mujeres, Géneros y Diversidad",2023_12_09,"Ministerio de las Mujeres, Géneros y Diversidad",género y diversidad sexual,ministerio <br><b>mujer</b><br> genero diversidad ministerio mujer genero diversidad presidente nacion jefe gabinete ministro orden competencia inherente relacion
